probe,modifier,block,amount,n,countries,pos,neg,median_rel,p90_rel,rho_owned_locations_count,rho_population,rho_gold,rho_income,rho_development,rho_total_population,rho_control,own_level_col,rho_own_level
development,local_monthly_development,modifier,0.075,5513,751,1.0,0.0,3.8501,24.1613,-0.75,,0.12,-0.24,0.22,0.06,0.05,pp_lab_l_local_monthly_development,0.02
goldincome,monthly_gold_income,capital_country_modifier,20.0,5516,753,1.0,0.0,3.6764,16.7296,-0.45,,0.08,-0.25,-0.01,-0.0,0.09,pp_lab_c_monthly_gold_income,
tradecenter,local_trade_center_power,modifier,0.05,5516,753,1.0,0.0,1.8812,13.8107,-0.51,,0.14,-0.1,0.32,0.11,0.1,pp_lab_l_local_trade_center_power,0.31
fort,fort_level,modifier,1.0,5499,753,0.94,0.06,1.2375,8.114,-0.55,,0.02,-0.21,0.09,0.14,0.07,,
globaldev,global_monthly_development,capital_country_modifier,0.01,5514,752,0.99,0.01,0.8744,4.0816,-0.5,,0.16,-0.08,0.28,0.02,0.07,pp_lab_c_global_monthly_development,-0.09
sailors,local_sailors,raw_modifier,0.13,5516,753,1.0,0.0,0.6262,2.9598,-0.28,,0.02,-0.13,0.01,0.03,0.06,pp_lab_l_local_sailors,-0.64
growth,local_population_growth,modifier,0.002,5516,753,1.0,0.0,0.5881,3.3554,-0.71,,0.1,-0.45,-0.03,0.15,0.09,,
globalliteracy,global_max_literacy,capital_country_modifier,5.0,5516,753,1.0,0.0,0.2813,1.3155,-0.29,,0.02,-0.12,0.01,0.02,0.07,pp_lab_c_global_max_literacy,-0.05
institution,local_institution_growth_modifier,modifier,0.33,5516,753,1.0,0.0,0.2351,1.1698,-0.71,,0.01,-0.3,0.05,0.12,0.06,pp_lab_l_local_institution_growth_modifier,0.08
maxliteracy,local_max_literacy,modifier,5.0,5516,753,1.0,0.0,0.1781,0.8862,-0.71,,0.01,-0.3,0.05,0.12,0.06,pp_lab_l_local_max_literacy,-0.35
estatemaxtax,global_estate_max_tax,capital_country_modifier,0.1,5516,753,1.0,0.0,0.1604,0.9311,-0.13,,0.21,0.35,0.26,0.12,0.14,pp_lab_c_global_estate_max_tax,0.17
research,research_speed_modifier,capital_country_modifier,0.05,5516,753,1.0,0.0,0.1406,0.6577,-0.29,,0.02,-0.12,0.01,0.02,0.07,pp_lab_c_research_speed_modifier,0.23
crownpower,local_crown_estate_power,modifier,0.25,5507,752,0.99,0.01,0.1173,0.7516,-0.4,,0.11,0.09,0.18,0.11,0.1,pp_lab_l_local_crown_estate_power,0.09
selling,selling_efficiency,capital_country_modifier,1.0,5516,753,0.67,0.0,0.0687,1.2268,0.21,,0.1,0.38,0.28,0.09,0.1,,
scaledgoldowner,scaled_gold_to_building_owner,modifier,0.05,5516,753,1.0,0.0,0.0477,0.3437,-0.43,,0.17,0.19,0.28,0.16,0.11,,
merchantcap,local_merchant_capacity,modifier,1.0,5516,753,0.93,0.0,0.0348,0.2689,-0.39,,0.13,-0.15,0.04,0.03,0.06,,
goldowner,gold_to_building_owner,raw_modifier,0.1,5516,753,1.0,0.0,0.0336,0.1594,-0.48,,0.06,-0.27,-0.01,-0.01,0.09,,
prodeff,local_production_efficiency,modifier,0.1,5516,753,0.92,0.0,0.0313,0.3384,-0.26,,0.12,0.27,0.33,0.11,0.1,pp_lab_l_local_production_efficiency,0.3
prestige,monthly_prestige,capital_country_modifier,0.1,5516,753,1.0,0.0,0.0047,0.0266,-0.23,,0.06,-0.1,-0.06,-0.0,0.06,pp_lab_c_monthly_prestige,0.13
merchantpower,local_merchant_power,raw_modifier,0.5,5516,753,1.0,0.0,0.0004,0.0016,-0.29,,0.02,-0.12,0.01,0.02,0.07,,
foodsales,local_province_food_sales_output_modifier,modifier,0.2,5516,753,0.59,0.0,0.0001,0.0056,-0.07,,0.03,0.19,0.33,-0.13,0.03,,
food,local_monthly_food,modifier,10.0,5516,753,0.3,0.0,0.0,0.0506,-0.11,,-0.01,-0.24,-0.08,-0.05,0.03,pp_lab_l_local_monthly_food,-0.24
garrison,local_garrison_size,modifier,0.2,5516,753,0.18,0.0,0.0,0.017,0.18,,0.02,0.22,0.11,-0.08,0.04,,
harbor,harbor_suitability,modifier,0.1,5516,753,0.45,0.0,0.0,0.169,0.62,,0.02,0.17,-0.07,0.02,-0.03,,
wheatoutput,local_wheat_output_modifier,modifier,0.2,5516,753,0.22,0.0,0.0,0.0142,-0.11,,0.06,0.11,0.34,0.03,0.11,,
maxcontrol,local_max_control,modifier,0.05,5516,753,0.0,0.0,0.0,0.0,NaN,,NaN,NaN,NaN,NaN,NaN,pp_lab_l_local_max_control,NaN
burgherpower,local_burghers_estate_power,modifier,0.25,5510,752,0.27,0.61,-0.0,0.0002,0.07,,-0.02,-0.06,-0.17,-0.03,-0.03,,
monthlyliteracy,local_monthly_literacy,modifier,0.1,5516,753,0.02,0.03,0.0,0.0,0.1,,0.02,0.14,0.02,0.08,0.05,,
culturalinfluence,local_cultural_influence,modifier,0.25,5516,753,0.38,0.0,0.0,0.0085,0.29,,-0.02,0.16,0.08,-0.02,-0.16,,
promotion,local_pop_promotion_speed,modifier,0.01,5516,753,0.44,0.0,0.0,0.1998,0.03,,-0.03,-0.21,-0.4,0.04,-0.12,pp_lab_l_local_pop_promotion_speed,0.08
migration,local_migration_attraction,modifier,0.05,5516,753,0.0,0.0,0.0,0.0,NaN,,NaN,NaN,NaN,NaN,NaN,,
manpower,local_manpower,modifier,0.05,5516,753,0.0,0.0,0.0,0.0,NaN,,NaN,NaN,NaN,NaN,NaN,pp_lab_l_local_manpower,NaN
marketaccess,local_market_access,raw_modifier,0.1,5516,753,0.0,0.0,0.0,0.0,NaN,,NaN,NaN,NaN,NaN,NaN,pp_lab_l_local_market_access,NaN
foodpurchase,local_province_food_purchase_output_modifier,modifier,-0.2,5461,747,0.07,0.26,0.0,0.0,0.13,,-0.02,0.14,0.02,0.16,0.05,,
conversion,local_pop_conversion_speed,modifier,0.1,5516,753,0.34,0.0,0.0,35.1295,0.17,,-0.02,0.1,0.0,-0.04,-0.29,pp_lab_l_local_pop_conversion_speed,0.07
legitimacy,monthly_legitimacy,capital_country_modifier,0.35,5516,753,0.47,0.0,0.0,1.7591,0.09,,-0.05,-0.04,-0.18,-0.04,-0.05,pp_lab_c_monthly_legitimacy,-0.12
foodcap,local_food_capacity,raw_modifier,400.0,5516,753,0.48,0.0,0.0,4.4365,-0.27,,0.08,-0.22,-0.23,0.5,0.06,pp_lab_l_local_food_capacity,-0.24
capacity,local_population_capacity,raw_modifier,1.0,5516,753,0.47,0.0,0.0,0.0137,-0.08,,-0.04,-0.24,-0.25,0.34,0.0,pp_lab_l_local_population_capacity,-0.24
peasantpower,local_peasants_estate_power,modifier,0.4,5515,753,0.34,0.66,-0.0004,0.0026,0.22,,0.03,0.2,-0.13,-0.07,0.06,,
clergypower,local_clergy_estate_power,modifier,0.2,5509,753,0.26,0.74,-0.0024,0.0046,0.26,,0.05,0.32,0.1,-0.13,0.05,,
noblepower,local_nobles_estate_power,modifier,0.5,5465,751,0.08,0.92,-0.0108,-0.0001,0.47,,-0.08,0.0,-0.15,-0.03,-0.09,,
