modifier,status,candidates,share_valued,median_value_when_valued,median_per_unit_per_T,note
country_cabinet_efficiency,always,149,1.0,6.0662,0.841177,""
global_crown_estate_power,always,49,1.0,11.7681,0.36231,""
global_estate_max_tax,always,946,1.0,33.1898,0.924226,""
global_max_literacy,always,976,1.0,65.563,0.04,""
global_monthly_development,always,1010,1.0,210.0895,63.31493,""
gold_to_building_owner,always,2939,1.0,10.6862,0.374303,""
local_crown_estate_power,always,1029,1.0,28.6606,0.345642,""
local_institution_growth_modifier,always,2364,1.0,6.2423,0.102704,""
local_max_literacy,always,2355,1.0,5.6096,0.005063,""
local_merchant_power,always,2079,1.0,0.0595,0.0005,""
local_mercury_output_modifier,always,8,1.0,0.008,0.001262,valued where the location produces the good (RGO or a building)
local_monthly_development,always,1072,1.0,944.4218,35.989948,""
local_monthly_development_modifier,always,4,1.0,0.3895,0.20516,""
local_trade_center_power,always,1067,1.0,468.4805,30.019758,""
local_trades_per_burgher,always,325,1.0,0.2992,0.001,""
monthly_gold_income,always,1112,1.0,864.6844,0.13266,""
monthly_prestige,always,961,1.0,0.9774,0.031995,""
monthly_towards_sinicized,always,2,1.0,0.1172,0.067201,""
movement_cost,always,843,1.0,1.3433,-0.050002,""
research_speed_modifier,always,951,1.0,32.6689,1.999998,""
local_clergy_estate_power,always,930,0.998,-0.505,-0.009189,""
scaled_gold_to_building_owner,always,929,0.998,11.2973,0.619296,""
local_population_growth,always,1614,0.992,33.9399,93.862499,""
merchant_capacity_from_building,always,1130,0.99,0.4841,0.014413,""
local_disease_resistance,always,251,0.988,0.8451,0.02659,""
local_nobles_estate_power,always,2610,0.987,-0.2486,-0.001291,""
local_sailors,always,2644,0.971,35.8096,3.461538,""
local_production_efficiency,always,932,0.97,8.3008,0.237032,""
local_coal_output_modifier,always,30,0.967,0.0257,0.011544,valued where the location produces the good (RGO or a building)
local_manpower,always,40246,0.966,607.4071,3.739169,""
local_marble_output_modifier,always,53,0.962,0.0671,0.016885,valued where the location produces the good (RGO or a building)
fort_level,always,2273,0.96,112.9426,0.36618,""
propagating_zone_of_control,always,834,0.954,1.5109,0.008415,""
local_gems_output_modifier,conditional,49,0.939,0.0892,0.024773,valued where the location produces the good (RGO or a building)
local_goods_gold_output_modifier,conditional,59,0.915,0.0186,0.008615,valued where the location produces the good (RGO or a building)
local_alum_output_modifier,conditional,52,0.904,0.0206,0.003559,valued where the location produces the good (RGO or a building)
local_silver_output_modifier,conditional,53,0.887,0.0426,0.013107,valued where the location produces the good (RGO or a building)
local_peasants_estate_power,conditional,11285,0.876,0.0006,0.000068,""
local_merchant_capacity,conditional,5351,0.873,0.1898,0.017843,""
local_peasant_enfranchisment,conditional,10833,0.849,0.0288,0.041868,""
local_clergy_desired_pop,conditional,1390,0.846,0.0282,0.002319,""
local_unrest,conditional,1282,0.82,0.0035,-0.000334,""
selling_efficiency,conditional,958,0.789,35.6092,0.109615,""
local_burghers_estate_power,conditional,1702,0.776,-0.0048,-0.000097,""
local_iron_output_modifier,conditional,370,0.735,0.3961,0.033413,valued where the location produces the good (RGO or a building)
monthly_republican_tradition,conditional,13,0.692,119.3946,3.622331,""
local_cultural_influence,conditional,2315,0.655,0.0859,0.004533,""
local_food_capacity,conditional,3064,0.619,42.8884,0.00075,only while province stock < ~23-24 months of consumption
local_fish_output_modifier,conditional,3177,0.6,-0.0135,0.00578,valued where the location produces the good (RGO or a building)
local_proximity_source,conditional,10,0.6,6.4295,0.001467,""
local_province_food_sales_output_modifier,conditional,1054,0.589,0.0387,0.000563,valued where the location produces the good (RGO or a building)
local_pop_conversion_speed_modifier,conditional,197,0.528,28.2687,1.390113,""
local_livestock_output_modifier,conditional,1343,0.508,0.0424,0.013734,valued where the location produces the good (RGO or a building)
local_salt_output_modifier,conditional,2,0.5,0.0015,0.000635,valued where the location produces the good (RGO or a building)
local_distance_from_capital_speed_propagation,conditional,1620,0.48,1.4563,0.095267,""
harbor_suitability,conditional,2087,0.404,0.7567,0.204133,""
local_millet_output_modifier,conditional,3984,0.403,0.0686,0.012044,valued where the location produces the good (RGO or a building)
local_population_capacity,conditional,70306,0.394,0.0316,0.00063,only when pop > 90 % of capacity
monthly_diplomats,conditional,36,0.389,12.4018,0.339594,""
local_wheat_output_modifier,conditional,4952,0.381,0.1169,0.015348,valued where the location produces the good (RGO or a building)
local_copper_output_modifier,conditional,282,0.365,0.1309,0.016759,valued where the location produces the good (RGO or a building)
local_pop_promotion_speed,conditional,2323,0.334,4.609,3.419176,""
local_pop_conversion_speed,conditional,1022,0.331,2433.026,89.269553,""
local_monthly_food_modifier,conditional,13,0.308,-0.1035,0.00567,""
local_burghers_max_literacy,conditional,88,0.307,0.0656,0.000085,""
local_nobles_max_literacy,conditional,88,0.307,0.0027,5e-6,""
local_pop_assimilation_speed_modifier,conditional,250,0.304,5.6332,1.726905,""
local_monthly_food,conditional,17790,0.283,1.0448,0.001854,only while the province loses food (change without decay < 0)
local_lead_output_modifier,conditional,268,0.246,0.1064,0.010859,valued where the location produces the good (RGO or a building)
local_rice_output_modifier,conditional,871,0.215,0.262,0.009468,valued where the location produces the good (RGO or a building)
monthly_legitimacy,conditional,935,0.188,106.9747,1.41887,""
local_tin_output_modifier,conditional,252,0.171,0.0869,0.012253,valued where the location produces the good (RGO or a building)
local_province_food_purchase_output_modifier,conditional,4200,0.166,0.8271,-0.013523,valued where the location produces the good (RGO or a building)
local_max_control,conditional,1268,0.163,1.0398,0.036827,""
local_clergy_max_literacy,conditional,219,0.151,-0.0001,-0.0,""
local_lumber_output_modifier,conditional,1485,0.148,3.0772,0.047397,valued where the location produces the good (RGO or a building)
local_garrison_size,conditional,2286,0.133,3.2874,0.053028,""
local_clergy_food_consumption,conditional,197,0.132,-0.0909,-0.002082,""
local_cotton_output_modifier,conditional,49,0.102,1.4658,0.113291,valued where the location produces the good (RGO or a building)
local_chili_output_modifier,conditional,60,0.05,0.1668,0.062798,valued where the location produces the good (RGO or a building)
local_maize_output_modifier,conditional,3245,0.015,0.3693,0.06511,valued where the location produces the good (RGO or a building)
local_potato_output_modifier,conditional,1902,0.013,0.4118,0.04551,valued where the location produces the good (RGO or a building)
local_victuals_output_modifier,conditional,482,0.012,-3.8876,0.243672,valued where the location produces the good (RGO or a building)
local_monthly_literacy,conditional,2314,0.001,0.0001,3e-6,""
local_burghers_desired_pop,never,2183,0.0,,,""
local_coffee_output_modifier,never,19,0.0,,,valued where the location produces the good (RGO or a building)
local_devastation_recovery,never,11,0.0,,,""
local_fiber_crops_output_modifier,never,60,0.0,,,valued where the location produces the good (RGO or a building)
local_horses_output_modifier,never,19,0.0,,,valued where the location produces the good (RGO or a building)
local_laborers_desired_pop,never,5639,0.0,,,""
local_legumes_output_modifier,never,61,0.0,,,valued where the location produces the good (RGO or a building)
local_maritime_presence,never,1034,0.0,,,""
local_migration_attraction,never,2917,0.0,,,""
local_nobles_desired_pop,never,1227,0.0,,,""
local_soldiers_desired_pop,never,4249,0.0,,,""
local_sugar_output_modifier,never,30,0.0,,,valued where the location produces the good (RGO or a building)
local_tea_output_modifier,never,49,0.0,,,valued where the location produces the good (RGO or a building)
manpower_to_building_owner,never,1971,0.0,,,""
monthly_devotion,never,1,0.0,,,""
monthly_towards_absolutism,never,49,0.0,,,""
activate_avatar_cost_modifier,ai_blind,,,,,""
army_artillery_build_cost_modifier,ai_blind,,,,,""
army_reinforce_efficiency,ai_blind,,,,,""
army_tradition_from_battle,ai_blind,,,,,""
blocks_privateer_raids,ai_blind,,,,,""
blocks_vision_from_land,ai_blind,,,,,""
blocks_vision_from_sea,ai_blind,,,,,""
bond_interest,ai_blind,,,,,""
bond_size_modifier,ai_blind,,,,,""
building_enslavement_power,ai_blind,,,,,""
building_missionary_effort,ai_blind,,,,,""
building_missionary_effort_scaled,ai_blind,,,,,""
building_owner_maritime_presence,ai_blind,,,,,""
building_owner_overlord_maritime_presence,ai_blind,,,,,""
can_build_ships_in_this_location,ai_blind,,,,,""
can_recruit_regiment_in_this_location,ai_blind,,,,,""
cannot_upgrade_location,ai_blind,,,,,""
country_child_education,ai_blind,,,,,""
diplomatic_capacity,ai_blind,,,,,""
farm_capacity_from_aqueduct_system,ai_blind,,,,,""
farm_capacity_from_cattle_farm,ai_blind,,,,,""
farm_capacity_from_cattle_farmstead,ai_blind,,,,,""
farm_capacity_from_cattle_model_farm,ai_blind,,,,,""
farm_capacity_from_cattle_rotations,ai_blind,,,,,""
farm_capacity_from_chili_plantation,ai_blind,,,,,""
farm_capacity_from_clove_grove,ai_blind,,,,,""
farm_capacity_from_cocoa_grove,ai_blind,,,,,""
farm_capacity_from_coffee_grove,ai_blind,,,,,""
farm_capacity_from_cotton_farm,ai_blind,,,,,""
farm_capacity_from_cotton_plantation,ai_blind,,,,,""
farm_capacity_from_dye_plantation,ai_blind,,,,,""
farm_capacity_from_elephant_kraal,ai_blind,,,,,""
farm_capacity_from_enclosed_sheep_walks,ai_blind,,,,,""
farm_capacity_from_fiber_crops_farm,ai_blind,,,,,""
farm_capacity_from_fiber_dressing_yard,ai_blind,,,,,""
farm_capacity_from_fruit_orchard,ai_blind,,,,,""
farm_capacity_from_horse_breeders,ai_blind,,,,,""
farm_capacity_from_hurdled_sheepcotes,ai_blind,,,,,""
farm_capacity_from_incense_grove,ai_blind,,,,,""
farm_capacity_from_irrigation_reservoirs,ai_blind,,,,,""
farm_capacity_from_legume_farm,ai_blind,,,,,""
farm_capacity_from_legume_farmstead,ai_blind,,,,,""
farm_capacity_from_legume_model_farm,ai_blind,,,,,""
farm_capacity_from_legume_rotations,ai_blind,,,,,""
farm_capacity_from_maize_farm,ai_blind,,,,,""
farm_capacity_from_maize_farmstead,ai_blind,,,,,""
farm_capacity_from_maize_model_farm,ai_blind,,,,,""
farm_capacity_from_maize_rotations,ai_blind,,,,,""
farm_capacity_from_managed_cocoa_grove,ai_blind,,,,,""
farm_capacity_from_managed_pepper_garden,ai_blind,,,,,""
farm_capacity_from_market_cotton_farm,ai_blind,,,,,""
farm_capacity_from_market_tobacco_farm,ai_blind,,,,,""
farm_capacity_from_millet_farm,ai_blind,,,,,""
farm_capacity_from_millet_farmstead,ai_blind,,,,,""
farm_capacity_from_millet_model_farm,ai_blind,,,,,""
farm_capacity_from_millet_rotations,ai_blind,,,,,""
farm_capacity_from_nursery_orchard,ai_blind,,,,,""
farm_capacity_from_olive_farm,ai_blind,,,,,""
farm_capacity_from_olive_farmstead,ai_blind,,,,,""
farm_capacity_from_olive_model_farm,ai_blind,,,,,""
farm_capacity_from_olive_rotations,ai_blind,,,,,""
farm_capacity_from_pepper_garden,ai_blind,,,,,""
farm_capacity_from_pomological_orchard,ai_blind,,,,,""
farm_capacity_from_potato_farm,ai_blind,,,,,""
farm_capacity_from_potato_farmstead,ai_blind,,,,,""
farm_capacity_from_potato_model_farm,ai_blind,,,,,""
farm_capacity_from_potato_rotations,ai_blind,,,,,""
farm_capacity_from_regulated_sericulture_farm,ai_blind,,,,,""
farm_capacity_from_rice_farm,ai_blind,,,,,""
farm_capacity_from_rice_farmstead,ai_blind,,,,,""
farm_capacity_from_rice_model_farm,ai_blind,,,,,""
farm_capacity_from_rice_rotations,ai_blind,,,,,""
farm_capacity_from_saffron_croft,ai_blind,,,,,""
farm_capacity_from_saffron_kiln_croft,ai_blind,,,,,""
farm_capacity_from_sericulture_farm,ai_blind,,,,,""
farm_capacity_from_sheep_farms,ai_blind,,,,,""
farm_capacity_from_simplers_grove,ai_blind,,,,,""
farm_capacity_from_stud_farm,ai_blind,,,,,""
farm_capacity_from_sugar_plantation,ai_blind,,,,,""
farm_capacity_from_sugarcane_farm,ai_blind,,,,,""
farm_capacity_from_tea_garden,ai_blind,,,,,""
farm_capacity_from_tea_sorting_garden,ai_blind,,,,,""
farm_capacity_from_terraced_coffee_grove,ai_blind,,,,,""
farm_capacity_from_terraces,ai_blind,,,,,""
farm_capacity_from_tobacco_farm,ai_blind,,,,,""
farm_capacity_from_tobacco_plantation,ai_blind,,,,,""
farm_capacity_from_trapiche_sugarcane_farm,ai_blind,,,,,""
farm_capacity_from_vineyard_estate,ai_blind,,,,,""
farm_capacity_from_wheat_farm,ai_blind,,,,,""
farm_capacity_from_wheat_farmstead,ai_blind,,,,,""
farm_capacity_from_wheat_model_farm,ai_blind,,,,,""
farm_capacity_from_wheat_rotations,ai_blind,,,,,""
free_building_levels,ai_blind,,,,,""
gives_cardinal,ai_blind,,,,,""
global_food_capacity,ai_blind,,,,,""
global_monthly_art_start_chance,ai_blind,,,,,""
has_parliament_seat,ai_blind,,,,,""
hostile_disembark_time_modifier,ai_blind,,,,,""
hostile_fleet_attrition,ai_blind,,,,,""
local_build_buildings_efficiency,ai_blind,,,,,""
local_calvinism_movement_growth_modifier,ai_blind,,,,,""
local_clergy_conversion_blocked,ai_blind,,,,,""
local_clergy_pop_growth,ai_blind,,,,,""
local_defensive,ai_blind,,,,,""
local_food_decay_modifier,ai_blind,,,,,""
local_fort_maintenance_efficiency,ai_blind,,,,,""
local_garrison_growth,ai_blind,,,,,""
local_hostile_attrition,ai_blind,,,,,""
local_life_expectancy,ai_blind,,,,,""
local_lutheranism_movement_growth_modifier,ai_blind,,,,,""
local_market_access,ai_blind,,,,,""
local_max_rgo_size,ai_blind,,,,,""
local_may_build_nahuatl_units,ai_blind,,,,,""
local_may_build_north_american_units,ai_blind,,,,,""
local_mercenaries_modifier,ai_blind,,,,,""
local_monthly_prosperity,ai_blind,,,,,""
local_navy_attrition,ai_blind,,,,,""
local_navy_levy_size_modifier,ai_blind,,,,,""
local_pirate_spawn_chance,ai_blind,,,,,""
local_raw_material_output,ai_blind,,,,,""
local_repair_speed,ai_blind,,,,,""
local_rgo_build_time,ai_blind,,,,,""
local_road_building_time,ai_blind,,,,,""
local_ship_build_speed,ai_blind,,,,,""
local_slave_pop_satisfaction,ai_blind,,,,,""
local_supply_limit_modifier,ai_blind,,,,,""
local_trade_protection_factor,ai_blind,,,,,""
local_tribal_promotion,ai_blind,,,,,""
max_attrition,ai_blind,,,,,""
max_bonds,ai_blind,,,,,""
max_constructions_at_same_time,ai_blind,,,,,""
max_regiments_trained_at_same_time,ai_blind,,,,,""
max_ships_built_at_same_time,ai_blind,,,,,""
maximum_stockpile_capacity,ai_blind,,,,,""
may_build_sofa_units,ai_blind,,,,,""
merchant_power_from_building,ai_blind,,,,,""
minimum_fort_level,ai_blind,,,,,""
monthly_papal_authority,ai_blind,,,,,""
monthly_religious_influence,ai_blind,,,,,""
naval_morale_modifier,ai_blind,,,,,""
num_possible_artists,ai_blind,,,,,""
parliament_base_support,ai_blind,,,,,""
permanent_parliament_location,ai_blind,,,,,""
pp_wb_levels_field_management,ai_blind,,,,,""
pp_wb_levels_field_management_convertible,ai_blind,,,,,""
pp_wb_levels_field_management_improved,ai_blind,,,,,""
pp_wb_levels_incamisana,ai_blind,,,,,""
pp_wb_levels_irrigated_fields,ai_blind,,,,,""
pp_wb_levels_irrigation_systems,ai_blind,,,,,""
pp_wb_levels_jiangnan_canal_network,ai_blind,,,,,""
pp_wb_levels_jiangnan_hill_terraces,ai_blind,,,,,""
pp_wb_levels_khmer_baray,ai_blind,,,,,""
pure_tooltip_entry,ai_blind,,,,,""
religious_icon_power_modifier,ai_blind,,,,,""
sailors_to_building_owner,ai_blind,,,,,""
scaled_gold_to_building_owner_overlord,ai_blind,,,,,""
skill_of_new_artists,ai_blind,,,,,""
spy_network_construction,ai_blind,,,,,""
subject_income_modifier,ai_blind,,,,,""
work_of_art_sell_value_modifier,ai_blind,,,,,""
