probe,label,block,modifier,amount,term,amount_num,status,per_unit,scope
pp_pm_01,PM 01,market_center_modifier,local_manpower,0.1,125.4062,0.1,valued,1254.062,location
pp_pm_05,PM 05,capital_country_modifier,monthly_legitimacy,0.35,36.759,0.35,valued,105.02571428571429,country
pp_pm_51,PM 51,capital_country_modifier,global_distance_from_capital_speed_propagation,0.1,34.4283,0.1,valued,344.28299999999996,country
pp_pm_29,PM 29,capital_country_modifier,monthly_diplomats,0.15,21.1607,0.15,valued,141.07133333333334,country
pp_pm_03,PM 03,raw_modifier,local_sailors,0.13,19.3057,0.13,valued,148.50538461538463,location
pp_pm_33,PM 33,capital_country_modifier,monthly_towards_innovative,1,18.8857,1.0,valued,18.8857,country
pp_pm_27,PM 27,capital_country_modifier,tolerance_own,1,17.047,1.0,valued,17.047,country
pp_pm_04,PM 04,capital_country_modifier,monthly_towards_humanist,1,-17.0152,1.0,valued,-17.0152,country
pp_pm_21,PM 21,capital_country_modifier,global_max_literacy,5,13.7681,5.0,valued,2.75362,country
pp_pm_35,PM 35,capital_country_modifier,global_monthly_development,0.01,11.9213,0.01,valued,1192.13,country
pp_pm_46,PM 46,capital_country_modifier,selling_efficiency,1,11.0709,1.0,valued,11.0709,country
pp_pm_68,PM 68,capital_country_modifier,global_estate_max_tax,0.1,10.1961,0.1,valued,101.96099999999998,country
pp_pm_56,PM 56,capital_country_modifier,monthly_gold_income,20,7.7834,20.0,valued,0.38917,country
pp_pm_08,PM 08,capital_modifier,local_trade_center_power,0.05,7.2334,0.05,valued,144.66799999999998,location
pp_pm_11,PM 11,market_center_modifier,fort_level,2,7.2221,2.0,valued,3.61105,location
pp_pm_00,PM 00,capital_country_modifier,research_speed_modifier,0.05,6.884,0.05,valued,137.68,country
pp_pm_28,PM 28,capital_country_modifier,court_spending_efficiency,0.25,6.7718,0.25,valued,27.0872,country
pp_pm_39,PM 39,capital_country_modifier,global_institution_growth_modifier,0.1,5.5072,0.1,valued,55.071999999999996,country
pp_pm_47,PM 47,capital_country_modifier,monthly_towards_plutocracy,1,5.015,1.0,valued,5.015,country
pp_pm_15,PM 15,capital_modifier,local_pop_conversion_speed,0.1,4.4912,0.1,valued,44.912,location
pp_pm_11,PM 11,capital_country_modifier,minting_inflation_threshold,0.2,3.9314,0.2,valued,19.657,country
pp_pm_17,PM 17,market_center_modifier,local_monthly_development_modifier,0.25,3.3583,0.25,valued,13.4332,location
pp_pm_22,PM 22,capital_country_modifier,monthly_towards_sinicized,1,3.3116,1.0,valued,3.3116,country
pp_pm_03,PM 03,capital_country_modifier,country_cabinet_efficiency,0.05,3.1643,0.05,valued,63.285999999999994,country
pp_pm_62,PM 62,capital_country_modifier,global_maritime_presence_modifier,0.1,1.9099,0.1,valued,19.098999999999997,country
pp_pm_03,PM 03,modifier,local_crown_estate_power,0.25,1.5795,0.25,valued,6.318,location
pp_pm_38,PM 38,capital_country_modifier,global_silk_output_modifier,0.25,1.3722,0.25,valued,5.4888,country
pp_pm_18,PM 18,capital_modifier,local_monthly_development,0.075,1.005,0.075,valued,13.399999999999999,location
pp_pm_57,PM 57,capital_country_modifier,monthly_towards_communalism,1,-0.9822,1.0,valued,-0.9822,country
pp_pm_23,PM 23,modifier,local_production_efficiency,0.1,0.8789,0.1,valued,8.789,location
pp_pm_64,PM 64,capital_country_modifier,land_morale_modifier,0.05,0.8605,0.05,valued,17.21,country
pp_pm_31,PM 31,capital_country_modifier,monthly_towards_spiritualist,1,0.8507,1.0,valued,0.8507,country
pp_pm_11,PM 11,raw_modifier,local_institution_growth_modifier,0.33,0.8178,0.33,valued,2.478181818181818,location
pp_pm_01,PM 01,capital_country_modifier,monthly_prestige,0.1,0.7236,0.1,valued,7.236,country
pp_pm_11,PM 11,modifier,local_distance_from_capital_speed_propagation,0.125,0.7085,0.125,valued,5.668,location
pp_pm_18,PM 18,market_center_modifier,movement_cost,0.2,-0.6884,0.2,valued,-3.4419999999999997,location
pp_pm_52,PM 52,capital_country_modifier,monthly_towards_liberalism,1,0.681,1.0,valued,0.681,country
pp_pm_08,PM 08,capital_country_modifier,diplomatic_reputation,1,0.6667,1.0,valued,0.6667,country
pp_pm_04,PM 04,market_center_modifier,local_max_literacy,5,0.6197,5.0,valued,0.12394000000000001,location
pp_pm_10,PM 10,capital_modifier,local_pop_promotion_speed,0.01,0.6197,0.01,valued,61.97,location
pp_pm_16,PM 16,capital_country_modifier,minting_income_factor,0.1,0.5553,0.1,valued,5.553,country
pp_pm_48,PM 48,capital_country_modifier,army_artillery_power,0.1,0.5507,0.1,valued,5.507,country
pp_pm_17,PM 17,capital_country_modifier,prestige_decay,-0.01,0.4926,-0.01,valued,-49.26,country
pp_pm_24,PM 24,modifier,scaled_gold_to_building_owner,0.05,0.4797,0.05,valued,9.594,location
pp_pm_60,PM 60,capital_country_modifier,monthly_navy_tradition,0.05,0.2568,0.05,valued,5.135999999999999,country
pp_pm_02,PM 02,capital_country_modifier,global_crown_estate_power,0.1,0.2434,0.1,valued,2.4339999999999997,country
pp_pm_13,PM 13,capital_country_modifier,global_peasants_max_literacy,10,0.2296,10.0,valued,0.02296,country
pp_pm_07,PM 07,capital_country_modifier,cultural_influence_modifier,0.1,0.187,0.1,valued,1.8699999999999999,country
pp_pm_01,PM 01,capital_modifier,local_population_growth,-0.002,-0.1602,-0.002,valued,80.10000000000001,location
pp_pm_54,PM 54,capital_country_modifier,monthly_army_tradition,0.1,0.1547,0.1,valued,1.547,country
pp_pm_05,PM 05,modifier,local_cultural_influence,0.25,0.1207,0.25,valued,0.4828,location
pp_pm_07,PM 07,modifier,harbor_suitability,0.1,0.1039,0.1,valued,1.039,location
pp_pm_00,PM 00,modifier,local_population_capacity,0.1,0.0688,0.1,valued,0.688,location
pp_pm_19,PM 19,capital_modifier,local_levy_size_modifier,0.215,0.0638,0.215,valued,0.2967441860465116,location
pp_pm_25,PM 25,capital_modifier,local_pop_join_rebel_threshold,0.15,-0.0637,0.15,valued,-0.42466666666666675,location
pp_pm_13,PM 13,raw_modifier,local_food_capacity,400,0.052,400.0,valued,0.00013,location
pp_pm_12,PM 12,raw_modifier,gold_to_building_owner,0.1,0.0394,0.1,valued,0.39399999999999996,location
pp_pm_02,PM 02,market_center_modifier,local_merchant_capacity,1,0.0391,1.0,valued,0.0391,location
pp_pm_18,PM 18,capital_country_modifier,global_laborers_max_literacy,10,0.0374,10.0,valued,0.0037400000000000003,country
pp_pm_10,PM 10,market_center_modifier,local_disease_resistance,0.1,0.0321,0.1,valued,0.32099999999999995,location
pp_pm_02,PM 02,modifier,local_peasant_enfranchisment,0.02,0.0306,0.02,valued,1.5299999999999998,location
pp_pm_05,PM 05,raw_modifier,local_merchant_power,0.5,0.0172,0.5,valued,0.0344,location
pp_pm_45,PM 45,capital_modifier,local_merchant_capacity_modifier,0.2,0.0159,0.2,valued,0.0795,location
pp_pm_09,PM 09,raw_modifier,local_trades_per_burgher,0.225,0.0154,0.225,valued,0.06844444444444445,location
pp_pm_26,PM 26,capital_country_modifier,monthly_towards_individualism,0.05,0.0146,0.05,valued,0.292,country
pp_pm_46,PM 46,capital_modifier,local_province_food_purchase_output_modifier,-0.2,0.0116,-0.2,valued,-0.057999999999999996,location
pp_pm_06,PM 06,modifier,merchant_capacity_from_building,0.25,0.0098,0.25,valued,0.0392,location
pp_pm_49,PM 49,capital_country_modifier,global_nobles_estate_power,0.05,0.0085,0.05,valued,0.17,country
pp_pm_06,PM 06,raw_modifier,local_nobles_estate_power,0.5,0.0082,0.5,valued,0.0164,location
pp_pm_43,PM 43,capital_country_modifier,global_sailors_modifier,0.15,0.0078,0.15,valued,0.052,country
pp_pm_14,PM 14,capital_modifier,local_pop_conversion_speed_modifier,0.1,0.005,0.1,valued,0.049999999999999996,location
pp_pm_22,PM 22,capital_modifier,local_clergy_desired_pop,0.1,0.0049,0.1,valued,0.048999999999999995,location
pp_pm_05,PM 05,market_center_modifier,local_burghers_estate_power,0.25,-0.0039,0.25,valued,-0.0156,location
pp_pm_16,PM 16,capital_modifier,local_pop_promotion_speed_modifier,-0.05,-0.003,-0.05,valued,0.06,location
pp_pm_01,PM 01,modifier,local_peasants_estate_power,0.4,-0.0017,0.4,valued,-0.0042499999999999994,location
pp_pm_07,PM 07,capital_modifier,local_clergy_estate_power,0.2,-0.0017,0.2,valued,-0.008499999999999999,location
pp_pm_14,PM 14,capital_country_modifier,global_soldiers_max_literacy,10,0.0011,10.0,valued,0.00011,country
pp_pm_32,PM 32,capital_country_modifier,global_nobles_max_literacy,7.5,0.0008,7.5,valued,0.00010666666666666667,country
pp_pm_12,PM 12,market_center_modifier,local_fish_output_modifier,-0.045,-0.0005,-0.045,valued,0.011111111111111112,location
pp_pm_03,PM 03,market_center_modifier,local_unrest,-0.05,0.0001,-0.05,valued,-0.002,location
pp_pm_66,PM 66,capital_country_modifier,navy_maintenance_efficiency,0.1,0.0001,0.1,valued,0.001,country
pp_pm_00,PM 00,raw_modifier,local_migration_attraction,0.05,0.0,0.05,zero,0.0,location
pp_pm_00,PM 00,capital_modifier,local_monthly_food,1.5,0.0,1.5,zero,0.0,location
pp_pm_00,PM 00,market_center_modifier,local_cultural_tradition,0.25,0.0,0.25,zero,0.0,location
pp_pm_03,PM 03,capital_modifier,local_garrison_size,0.175,0.0,0.175,zero,0.0,location
pp_pm_04,PM 04,raw_modifier,local_monthly_literacy,0.1,0.0,0.1,zero,0.0,location
pp_pm_05,PM 05,capital_modifier,local_burghers_desired_pop,0.05,0.0,0.05,zero,0.0,location
pp_pm_06,PM 06,capital_modifier,local_wheat_output_modifier,0.2,0.0,0.2,zero,0.0,location
pp_pm_06,PM 06,market_center_modifier,local_maize_output_modifier,0.2,0.0,0.2,zero,0.0,location
pp_pm_07,PM 07,market_center_modifier,local_millet_output_modifier,0.2,0.0,0.2,zero,0.0,location
pp_pm_08,PM 08,modifier,local_max_control,0.05,0.0,0.05,zero,0.0,location
pp_pm_08,PM 08,raw_modifier,local_clergy_max_literacy,10,0.0,10.0,zero,0.0,location
pp_pm_10,PM 10,modifier,local_potato_output_modifier,0.1,0.0,0.1,zero,0.0,location
pp_pm_10,PM 10,raw_modifier,manpower_to_building_owner,0.02,0.0,0.02,zero,0.0,location
pp_pm_12,PM 12,modifier,local_nobles_desired_pop,0.1,0.0,0.1,zero,0.0,location
pp_pm_13,PM 13,modifier,local_clergy_food_consumption,0.1,0.0,0.1,zero,0.0,location
pp_pm_13,PM 13,market_center_modifier,local_proximity_source,75,0.0,75.0,zero,0.0,location
pp_pm_14,PM 14,raw_modifier,local_rice_output_modifier,0.05,0.0,0.05,zero,0.0,location
pp_pm_14,PM 14,market_center_modifier,local_monthly_food_modifier,-0.05,0.0,-0.05,zero,-0.0,location
pp_pm_15,PM 15,modifier,local_maritime_presence,0.15,0.0,0.15,zero,0.0,location
pp_pm_15,PM 15,raw_modifier,local_livestock_output_modifier,0.1,0.0,0.1,zero,0.0,location
pp_pm_15,PM 15,capital_country_modifier,monthly_republican_tradition,0.1,0.0,0.1,zero,0.0,country
pp_pm_16,PM 16,modifier,local_nobles_max_literacy,10,0.0,10.0,zero,0.0,location
pp_pm_16,PM 16,raw_modifier,local_pop_assimilation_speed_modifier,0.1,0.0,0.1,zero,0.0,location
pp_pm_17,PM 17,modifier,local_burghers_max_literacy,10,0.0,10.0,zero,0.0,location
pp_pm_17,PM 17,raw_modifier,local_silver_output_modifier,0.25,0.0,0.25,zero,0.0,location
pp_pm_19,PM 19,raw_modifier,local_legumes_output_modifier,0.325,0.0,0.325,zero,0.0,location
pp_pm_19,PM 19,market_center_modifier,local_iron_output_modifier,0.25,0.0,0.25,zero,0.0,location
pp_pm_20,PM 20,modifier,local_lead_output_modifier,0.25,0.0,0.25,zero,0.0,location
pp_pm_20,PM 20,raw_modifier,local_fiber_crops_output_modifier,0.05,0.0,0.05,zero,0.0,location
pp_pm_20,PM 20,market_center_modifier,local_goods_gold_output_modifier,0.25,0.0,0.25,zero,0.0,location
pp_pm_21,PM 21,modifier,local_cotton_output_modifier,0.3,0.0,0.3,zero,0.0,location
pp_pm_21,PM 21,raw_modifier,local_tin_output_modifier,0.25,0.0,0.25,zero,0.0,location
pp_pm_21,PM 21,capital_modifier,local_copper_output_modifier,0.25,0.0,0.25,zero,0.0,location
pp_pm_21,PM 21,market_center_modifier,local_tea_output_modifier,0.25,0.0,0.25,zero,0.0,location
pp_pm_22,PM 22,modifier,local_wool_output_modifier,0.03,0.0,0.03,zero,0.0,location
pp_pm_22,PM 22,raw_modifier,local_horses_output_modifier,0.035,0.0,0.035,zero,0.0,location
pp_pm_22,PM 22,market_center_modifier,local_coal_output_modifier,0.25,0.0,0.25,zero,0.0,location
pp_pm_23,PM 23,market_center_modifier,local_sugar_output_modifier,0.2,0.0,0.2,zero,0.0,location
pp_pm_24,PM 24,capital_country_modifier,global_estate_target_satisfaction,1,0.0,1.0,zero,0.0,country
pp_pm_25,PM 25,modifier,local_peasants_max_literacy,3,0.0,3.0,zero,0.0,location
pp_pm_25,PM 25,raw_modifier,local_chili_output_modifier,0.2,0.0,0.2,zero,0.0,location
pp_pm_25,PM 25,capital_country_modifier,global_monthly_literacy,0.0625,0.0,0.0625,zero,0.0,country
pp_pm_26,PM 26,raw_modifier,local_salt_output_modifier,0.25,0.0,0.25,zero,0.0,location
pp_pm_26,PM 26,capital_modifier,local_marble_output_modifier,0.25,0.0,0.25,zero,0.0,location
pp_pm_26,PM 26,market_center_modifier,local_coffee_output_modifier,0.35,0.0,0.35,zero,0.0,location
pp_pm_27,PM 27,modifier,local_peasants_food_consumption,-0.25,0.0,-0.25,zero,-0.0,location
pp_pm_27,PM 27,raw_modifier,local_tribes_estate_power,1.25,0.0,1.25,zero,0.0,location
pp_pm_27,PM 27,market_center_modifier,local_gems_output_modifier,0.25,0.0,0.25,zero,0.0,location
pp_pm_29,PM 29,modifier,local_tobacco_output_modifier,0.056,0.0,0.056,zero,0.0,location
pp_pm_29,PM 29,market_center_modifier,local_mercury_output_modifier,0.25,0.0,0.25,zero,0.0,location
pp_pm_30,PM 30,modifier,local_silk_output_modifier,0.1325,0.0,0.1325,zero,0.0,location
pp_pm_30,PM 30,capital_country_modifier,monthly_towards_centralization,0.05,0.0,0.05,zero,0.0,country
pp_pm_31,PM 31,modifier,local_nobles_food_consumption,0.25,0.0,0.25,zero,0.0,location
pp_pm_32,PM 32,market_center_modifier,local_laborers_max_literacy,3,0.0,3.0,zero,0.0,location
pp_pm_33,PM 33,market_center_modifier,local_alum_output_modifier,0.25,0.0,0.25,zero,0.0,location
pp_pm_34,PM 34,capital_country_modifier,monthly_towards_absolutism,1,0.0,1.0,zero,0.0,country
pp_pm_35,PM 35,raw_modifier,local_province_food_sales_output_modifier,-0.2,0.0,-0.2,zero,-0.0,location
pp_pm_36,PM 36,raw_modifier,local_fruit_output_modifier,0.4,0.0,0.4,zero,0.0,location
pp_pm_37,PM 37,raw_modifier,local_burghers_food_consumption,0.25,0.0,0.25,zero,0.0,location
pp_pm_40,PM 40,raw_modifier,local_victuals_output_modifier,-0.05,0.0,-0.05,zero,-0.0,location
pp_pm_40,PM 40,capital_modifier,local_saffron_output_modifier,0.12,0.0,0.12,zero,0.0,location
pp_pm_41,PM 41,capital_modifier,local_cocoa_output_modifier,0.12,0.0,0.12,zero,0.0,location
pp_pm_41,PM 41,market_center_modifier,local_soldiers_max_literacy,10,0.0,10.0,zero,0.0,location
pp_pm_41,PM 41,capital_country_modifier,monthly_inflation,-0.005,0.0,-0.005,zero,-0.0,country
pp_pm_42,PM 42,market_center_modifier,local_devastation_recovery,0.05,0.0,0.05,zero,0.0,location
pp_pm_44,PM 44,capital_country_modifier,monthly_towards_aristocracy,1,0.0,1.0,zero,0.0,country
pp_pm_48,PM 48,capital_modifier,local_stone_output_modifier,0.25,0.0,0.25,zero,0.0,location
pp_pm_51,PM 51,market_center_modifier,local_pepper_output_modifier,0.12,0.0,0.12,zero,0.0,location
pp_pm_53,PM 53,capital_modifier,local_lumber_output_modifier,0.2,0.0,0.2,zero,0.0,location
pp_pm_53,PM 53,capital_country_modifier,monthly_doom,-0.1,0.0,-0.1,zero,-0.0,country
pp_pm_55,PM 55,modifier,local_olives_output_modifier,0.4,0.0,0.4,zero,0.0,location
pp_pm_56,PM 56,modifier,local_monthly_control,0.01,0.0,0.01,zero,0.0,location
pp_pm_58,PM 58,modifier,local_cloth_output_modifier,0.05,0.0,0.05,zero,0.0,location
pp_pm_59,PM 59,raw_modifier,local_cloves_output_modifier,0.12,0.0,0.12,zero,0.0,location
pp_pm_59,PM 59,capital_country_modifier,monthly_devotion,0.1,0.0,0.1,zero,0.0,country
pp_pm_62,PM 62,modifier,local_incense_output_modifier,0.12,0.0,0.12,zero,0.0,location
pp_pm_63,PM 63,capital_country_modifier,monthly_towards_traditional_economy,1,0.0,1.0,zero,0.0,country
pp_pm_67,PM 67,capital_country_modifier,clergy_estate_target_satisfaction,1,0.0,1.0,zero,0.0,country
pp_pm_01,PM 01,raw_modifier,local_laborers_desired_pop,0,,0.0,no_line,,location
pp_pm_02,PM 02,raw_modifier,can_recruit_regiment_in_this_location,1,,1.0,no_line,,location
pp_pm_02,PM 02,capital_modifier,local_defensive,0.2,,0.2,no_line,,location
pp_pm_04,PM 04,modifier,local_repair_speed,0.15,,0.15,no_line,,location
pp_pm_04,PM 04,capital_modifier,can_build_ships_in_this_location,1,,1.0,no_line,,location
pp_pm_06,PM 06,capital_country_modifier,skill_of_new_artists,0.1,,0.1,no_line,,country
pp_pm_07,PM 07,raw_modifier,building_owner_maritime_presence,0.25,,0.25,no_line,,location
pp_pm_08,PM 08,market_center_modifier,max_ships_built_at_same_time,2,,2.0,no_line,,location
pp_pm_09,PM 09,modifier,merchant_power_from_building,0.2,,0.2,no_line,,location
pp_pm_09,PM 09,capital_modifier,local_soldiers_desired_pop,0,,0.0,no_line,,location
pp_pm_09,PM 09,market_center_modifier,local_monthly_prosperity,0.01,,0.01,no_line,,location
pp_pm_09,PM 09,capital_country_modifier,max_bonds,10,,10.0,no_line,,country
pp_pm_10,PM 10,capital_country_modifier,bond_interest,-0.1,,-0.1,no_line,,country
pp_pm_11,PM 11,capital_modifier,local_market_access,0.05,,0.05,no_line,,location
pp_pm_12,PM 12,capital_modifier,maximum_stockpile_capacity,50,,50.0,no_line,,location
pp_pm_12,PM 12,capital_country_modifier,monthly_religious_influence,0.1,,0.1,no_line,,country
pp_pm_13,PM 13,capital_modifier,free_building_levels,10,,10.0,no_line,,location
pp_pm_14,PM 14,modifier,propagating_zone_of_control,1,,1.0,no_line,,location
pp_pm_15,PM 15,market_center_modifier,local_slave_pop_satisfaction,-0.075,,-0.075,no_line,,location
pp_pm_16,PM 16,market_center_modifier,hostile_fleet_attrition,1,,1.0,no_line,,location
pp_pm_17,PM 17,capital_modifier,blocks_vision_from_land,1,,1.0,no_line,,location
pp_pm_18,PM 18,modifier,pure_tooltip_entry,1,,1.0,no_line,,location
pp_pm_18,PM 18,raw_modifier,sailors_to_building_owner,0.035,,0.035,no_line,,location
pp_pm_19,PM 19,modifier,local_build_buildings_efficiency,0.1015,,0.1015,no_line,,location
pp_pm_19,PM 19,capital_country_modifier,bond_size_modifier,0.1,,0.1,no_line,,country
pp_pm_20,PM 20,capital_modifier,blocks_vision_from_sea,1,,1.0,no_line,,location
pp_pm_20,PM 20,capital_country_modifier,work_of_art_sell_value_modifier,0.15,,0.15,no_line,,country
pp_pm_23,PM 23,raw_modifier,hostile_disembark_time_modifier,1,,1.0,no_line,,location
pp_pm_23,PM 23,capital_modifier,local_ship_build_speed,0.33,,0.33,no_line,,location
pp_pm_23,PM 23,capital_country_modifier,global_monthly_art_start_chance,0.15,,0.15,no_line,,country
pp_pm_24,PM 24,raw_modifier,local_tribal_promotion,0.1,,0.1,no_line,,location
pp_pm_24,PM 24,capital_modifier,local_life_expectancy,5,,5.0,no_line,,location
pp_pm_24,PM 24,market_center_modifier,local_raw_material_output,0.33,,0.33,no_line,,location
pp_pm_25,PM 25,market_center_modifier,local_navy_attrition,-3,,-3.0,no_line,,location
pp_pm_26,PM 26,modifier,max_regiments_trained_at_same_time,3,,3.0,no_line,,location
pp_pm_27,PM 27,capital_modifier,local_lutheranism_movement_growth_modifier,-0.075,,-0.075,no_line,,location
pp_pm_28,PM 28,modifier,max_attrition,1,,1.0,no_line,,location
pp_pm_28,PM 28,raw_modifier,local_trade_protection_factor,0.075,,0.075,no_line,,location
pp_pm_28,PM 28,capital_modifier,local_calvinism_movement_growth_modifier,-0.075,,-0.075,no_line,,location
pp_pm_28,PM 28,market_center_modifier,local_supply_limit_modifier,0.1,,0.1,no_line,,location
pp_pm_29,PM 29,raw_modifier,has_parliament_seat,1,,1.0,no_line,,location
pp_pm_29,PM 29,capital_modifier,building_enslavement_power,0.15,,0.15,no_line,,location
pp_pm_30,PM 30,raw_modifier,local_hostile_attrition,0.55,,0.55,no_line,,location
pp_pm_30,PM 30,capital_modifier,building_owner_overlord_maritime_presence,0.35,,0.35,no_line,,location
pp_pm_30,PM 30,market_center_modifier,building_missionary_effort_scaled,0.015,,0.015,no_line,,location
pp_pm_31,PM 31,raw_modifier,blocks_privateer_raids,1,,1.0,no_line,,location
pp_pm_31,PM 31,capital_modifier,building_missionary_effort,0.055,,0.055,no_line,,location
pp_pm_31,PM 31,market_center_modifier,minimum_fort_level,1.5,,1.5,no_line,,location
pp_pm_32,PM 32,modifier,farm_capacity_from_nursery_orchard,-1,,-1.0,no_line,,location
pp_pm_32,PM 32,raw_modifier,local_navy_levy_size_modifier,1,,1.0,no_line,,location
pp_pm_32,PM 32,capital_modifier,farm_capacity_from_sheep_farms,-1,,-1.0,no_line,,location
pp_pm_33,PM 33,modifier,farm_capacity_from_wheat_farm,-1,,-1.0,no_line,,location
pp_pm_33,PM 33,raw_modifier,farm_capacity_from_olive_rotations,-1,,-1.0,no_line,,location
pp_pm_33,PM 33,capital_modifier,pp_wb_levels_incamisana,1,,1.0,no_line,,location
pp_pm_34,PM 34,modifier,pp_wb_levels_jiangnan_canal_network,1,,1.0,no_line,,location
pp_pm_34,PM 34,raw_modifier,farm_capacity_from_rice_farm,-1,,-1.0,no_line,,location
pp_pm_34,PM 34,capital_modifier,local_clergy_conversion_blocked,1,,1.0,no_line,,location
pp_pm_34,PM 34,market_center_modifier,farm_capacity_from_millet_farmstead,-1,,-1.0,no_line,,location
pp_pm_35,PM 35,modifier,farm_capacity_from_cotton_plantation,-1,,-1.0,no_line,,location
pp_pm_35,PM 35,capital_modifier,farm_capacity_from_terraces,0.6,,0.6,no_line,,location
pp_pm_35,PM 35,market_center_modifier,local_max_rgo_size,3,,3.0,no_line,,location
pp_pm_36,PM 36,modifier,pp_wb_levels_field_management,1,,1.0,no_line,,location
pp_pm_36,PM 36,capital_modifier,farm_capacity_from_cocoa_grove,-1,,-1.0,no_line,,location
pp_pm_36,PM 36,market_center_modifier,farm_capacity_from_legume_rotations,-1,,-1.0,no_line,,location
pp_pm_36,PM 36,capital_country_modifier,monthly_papal_authority,0.05,,0.05,no_line,,country
pp_pm_37,PM 37,modifier,farm_capacity_from_chili_plantation,-1,,-1.0,no_line,,location
pp_pm_37,PM 37,capital_modifier,farm_capacity_from_olive_farmstead,-1,,-1.0,no_line,,location
pp_pm_37,PM 37,market_center_modifier,farm_capacity_from_rice_rotations,-1,,-1.0,no_line,,location
pp_pm_37,PM 37,capital_country_modifier,spy_network_construction,0.1,,0.1,no_line,,country
pp_pm_38,PM 38,modifier,farm_capacity_from_market_tobacco_farm,-1,,-1.0,no_line,,location
pp_pm_38,PM 38,raw_modifier,farm_capacity_from_millet_rotations,-1,,-1.0,no_line,,location
pp_pm_38,PM 38,capital_modifier,local_mercenaries_modifier,0.25,,0.25,no_line,,location
pp_pm_38,PM 38,market_center_modifier,farm_capacity_from_potato_farmstead,-1,,-1.0,no_line,,location
pp_pm_39,PM 39,modifier,farm_capacity_from_wheat_farmstead,-1,,-1.0,no_line,,location
pp_pm_39,PM 39,raw_modifier,pp_wb_levels_irrigation_systems,1,,1.0,no_line,,location
pp_pm_39,PM 39,capital_modifier,farm_capacity_from_sugarcane_farm,-1,,-1.0,no_line,,location
pp_pm_39,PM 39,market_center_modifier,local_clergy_pop_growth,0.25,,0.25,no_line,,location
pp_pm_40,PM 40,modifier,farm_capacity_from_cotton_farm,-1,,-1.0,no_line,,location
pp_pm_40,PM 40,market_center_modifier,farm_capacity_from_maize_rotations,-1,,-1.0,no_line,,location
pp_pm_40,PM 40,capital_country_modifier,religious_icon_power_modifier,0.25,,0.25,no_line,,country
pp_pm_41,PM 41,modifier,farm_capacity_from_saffron_croft,-1,,-1.0,no_line,,location
pp_pm_41,PM 41,raw_modifier,farm_capacity_from_millet_model_farm,-1,,-1.0,no_line,,location
pp_pm_42,PM 42,modifier,country_child_education,0.1,,0.1,no_line,,location
pp_pm_42,PM 42,raw_modifier,farm_capacity_from_legume_model_farm,-1,,-1.0,no_line,,location
pp_pm_42,PM 42,capital_modifier,pp_wb_levels_field_management_convertible,1,,1.0,no_line,,location
pp_pm_42,PM 42,capital_country_modifier,army_reinforce_efficiency,0.1,,0.1,no_line,,country
pp_pm_43,PM 43,modifier,farm_capacity_from_sericulture_farm,-1,,-1.0,no_line,,location
pp_pm_43,PM 43,raw_modifier,farm_capacity_from_pepper_garden,-1,,-1.0,no_line,,location
pp_pm_43,PM 43,capital_modifier,local_rgo_build_time,-0.25,,-0.25,no_line,,location
pp_pm_43,PM 43,market_center_modifier,research_speed_modifier,0.25,,0.25,no_line,,location
pp_pm_44,PM 44,modifier,farm_capacity_from_tea_garden,-1,,-1.0,no_line,,location
pp_pm_44,PM 44,raw_modifier,local_food_decay_modifier,-0.002,,-0.002,no_line,,location
pp_pm_44,PM 44,capital_modifier,farm_capacity_from_irrigation_reservoirs,0.6,,0.6,no_line,,location
pp_pm_44,PM 44,market_center_modifier,local_may_build_nahuatl_units,1,,1.0,no_line,,location
pp_pm_45,PM 45,modifier,farm_capacity_from_fiber_dressing_yard,-1,,-1.0,no_line,,location
pp_pm_45,PM 45,raw_modifier,local_fort_maintenance_efficiency,0.2,,0.2,no_line,,location
pp_pm_45,PM 45,market_center_modifier,farm_capacity_from_regulated_sericulture_farm,-1,,-1.0,no_line,,location
pp_pm_45,PM 45,capital_country_modifier,num_possible_artists,3,,3.0,no_line,,country
pp_pm_46,PM 46,modifier,farm_capacity_from_trapiche_sugarcane_farm,-1,,-1.0,no_line,,location
pp_pm_46,PM 46,raw_modifier,pp_wb_levels_field_management_improved,1,,1.0,no_line,,location
pp_pm_46,PM 46,market_center_modifier,farm_capacity_from_legume_farm,-1,,-1.0,no_line,,location
pp_pm_47,PM 47,modifier,farm_capacity_from_managed_pepper_garden,-1,,-1.0,no_line,,location
pp_pm_47,PM 47,raw_modifier,farm_capacity_from_horse_breeders,-1,,-1.0,no_line,,location
pp_pm_47,PM 47,capital_modifier,farm_capacity_from_sugar_plantation,-1,,-1.0,no_line,,location
pp_pm_47,PM 47,market_center_modifier,cannot_upgrade_location,1,,1.0,no_line,,location
pp_pm_48,PM 48,modifier,local_may_build_north_american_units,1,,1.0,no_line,,location
pp_pm_48,PM 48,raw_modifier,farm_capacity_from_stud_farm,-1,,-1.0,no_line,,location
pp_pm_48,PM 48,market_center_modifier,gives_cardinal,1,,1.0,no_line,,location
pp_pm_49,PM 49,modifier,farm_capacity_from_maize_farmstead,-1,,-1.0,no_line,,location
pp_pm_49,PM 49,raw_modifier,farm_capacity_from_hurdled_sheepcotes,-1,,-1.0,no_line,,location
pp_pm_49,PM 49,capital_modifier,farm_capacity_from_legume_farmstead,-1,,-1.0,no_line,,location
pp_pm_49,PM 49,market_center_modifier,farm_capacity_from_wheat_rotations,-1,,-1.0,no_line,,location
pp_pm_50,PM 50,modifier,diplomatic_capacity,0.1,,0.1,no_line,,location
pp_pm_50,PM 50,raw_modifier,farm_capacity_from_maize_farm,-1,,-1.0,no_line,,location
pp_pm_50,PM 50,capital_modifier,farm_capacity_from_rice_model_farm,-1,,-1.0,no_line,,location
pp_pm_50,PM 50,market_center_modifier,local_garrison_growth,0.05,,0.05,no_line,,location
pp_pm_50,PM 50,capital_country_modifier,global_food_capacity,10,,10.0,no_line,,country
pp_pm_51,PM 51,modifier,farm_capacity_from_market_cotton_farm,-1,,-1.0,no_line,,location
pp_pm_51,PM 51,raw_modifier,farm_capacity_from_wheat_model_farm,-1,,-1.0,no_line,,location
pp_pm_51,PM 51,capital_modifier,pp_wb_levels_khmer_baray,1,,1.0,no_line,,location
pp_pm_52,PM 52,modifier,farm_capacity_from_pomological_orchard,-1,,-1.0,no_line,,location
pp_pm_52,PM 52,raw_modifier,local_pirate_spawn_chance,1,,1.0,no_line,,location
pp_pm_52,PM 52,capital_modifier,farm_capacity_from_dye_plantation,-1,,-1.0,no_line,,location
pp_pm_52,PM 52,market_center_modifier,farm_capacity_from_incense_grove,-1,,-1.0,no_line,,location
pp_pm_53,PM 53,modifier,farm_capacity_from_vineyard_estate,-1,,-1.0,no_line,,location
pp_pm_53,PM 53,raw_modifier,farm_capacity_from_clove_grove,-1,,-1.0,no_line,,location
pp_pm_53,PM 53,market_center_modifier,farm_capacity_from_aqueduct_system,2,,2.0,no_line,,location
pp_pm_54,PM 54,modifier,farm_capacity_from_managed_cocoa_grove,-1,,-1.0,no_line,,location
pp_pm_54,PM 54,raw_modifier,farm_capacity_from_enclosed_sheep_walks,-1,,-1.0,no_line,,location
pp_pm_54,PM 54,capital_modifier,max_constructions_at_same_time,1,,1.0,no_line,,location
pp_pm_54,PM 54,market_center_modifier,may_build_sofa_units,1,,1.0,no_line,,location
pp_pm_55,PM 55,raw_modifier,farm_capacity_from_cattle_model_farm,-1,,-1.0,no_line,,location
pp_pm_55,PM 55,capital_modifier,farm_capacity_from_elephant_kraal,-1,,-1.0,no_line,,location
pp_pm_55,PM 55,market_center_modifier,farm_capacity_from_fruit_orchard,-1,,-1.0,no_line,,location
pp_pm_55,PM 55,capital_country_modifier,army_tradition_from_battle,0.5,,0.5,no_line,,country
pp_pm_56,PM 56,raw_modifier,farm_capacity_from_potato_farm,-1,,-1.0,no_line,,location
pp_pm_56,PM 56,capital_modifier,farm_capacity_from_coffee_grove,-1,,-1.0,no_line,,location
pp_pm_56,PM 56,market_center_modifier,farm_capacity_from_cattle_farmstead,-1,,-1.0,no_line,,location
pp_pm_57,PM 57,modifier,local_road_building_time,-0.05,,-0.05,no_line,,location
pp_pm_57,PM 57,raw_modifier,pp_wb_levels_jiangnan_hill_terraces,1,,1.0,no_line,,location
pp_pm_57,PM 57,capital_modifier,scaled_gold_to_building_owner_overlord,0.5,,0.5,no_line,,location
pp_pm_57,PM 57,market_center_modifier,farm_capacity_from_tobacco_plantation,-1,,-1.0,no_line,,location
pp_pm_58,PM 58,raw_modifier,subject_income_modifier,0.1,,0.1,no_line,,location
pp_pm_58,PM 58,capital_modifier,farm_capacity_from_fiber_crops_farm,-1,,-1.0,no_line,,location
pp_pm_58,PM 58,market_center_modifier,farm_capacity_from_saffron_kiln_croft,-1,,-1.0,no_line,,location
pp_pm_58,PM 58,capital_country_modifier,army_artillery_build_cost_modifier,-0.25,,-0.25,no_line,,country
pp_pm_59,PM 59,modifier,farm_capacity_from_maize_model_farm,-1,,-1.0,no_line,,location
pp_pm_59,PM 59,capital_modifier,farm_capacity_from_cattle_farm,-1,,-1.0,no_line,,location
pp_pm_59,PM 59,market_center_modifier,farm_capacity_from_cattle_rotations,-1,,-1.0,no_line,,location
pp_pm_60,PM 60,modifier,farm_capacity_from_olive_farm,-1,,-1.0,no_line,,location
pp_pm_60,PM 60,raw_modifier,farm_capacity_from_millet_farm,-1,,-1.0,no_line,,location
pp_pm_60,PM 60,capital_modifier,farm_capacity_from_simplers_grove,-1,,-1.0,no_line,,location
pp_pm_60,PM 60,market_center_modifier,farm_capacity_from_potato_model_farm,-1,,-1.0,no_line,,location
pp_pm_61,PM 61,modifier,pp_wb_levels_irrigated_fields,1,,1.0,no_line,,location
pp_pm_61,PM 61,raw_modifier,farm_capacity_from_tea_sorting_garden,-1,,-1.0,no_line,,location
pp_pm_61,PM 61,capital_modifier,farm_capacity_from_tobacco_farm,-1,,-1.0,no_line,,location
pp_pm_61,PM 61,market_center_modifier,farm_capacity_from_potato_rotations,-1,,-1.0,no_line,,location
pp_pm_61,PM 61,capital_country_modifier,permanent_parliament_location,1,,1.0,no_line,,country
pp_pm_62,PM 62,raw_modifier,farm_capacity_from_rice_farmstead,-1,,-1.0,no_line,,location
pp_pm_62,PM 62,capital_modifier,farm_capacity_from_terraced_coffee_grove,-1,,-1.0,no_line,,location
pp_pm_62,PM 62,market_center_modifier,farm_capacity_from_olive_model_farm,-1,,-1.0,no_line,,location
pp_pm_65,PM 65,capital_country_modifier,naval_morale_modifier,0.05,,0.05,no_line,,country
pp_pm_69,PM 69,capital_country_modifier,parliament_base_support,0.05,,0.05,no_line,,country
pp_pm_70,PM 70,capital_country_modifier,activate_avatar_cost_modifier,-0.05,,-0.05,no_line,,country
